Rk,Player,Team,Pos,Cmp,PassAtt,PassYds,PassTD,Int,RushAtt,RushYds,Yds/Car,RushTD,Tgt,Rec,RecYds,Yds/Rec,RecTD,Fmb,FL,RecRushTD,2PM,2PP,VBD,PosRank,OvRank
1,Patrick Mahomes,KAN,QB,435,648,5250,41,12,61,358,5.87,4,1,1,6,6,0,5,0,4,1,2,136,1,1
2,Josh Jacobs,LVR,RB,0,0,0,0,0,340,1653,4.86,12,64,53,400,7.55,0,3,1,12,,,127,1,2
3,Christian McCaffrey,2TM,RB,1,1,34,1,0,244,1139,4.67,8,108,85,741,8.72,5,1,0,13,,,123,2,3
4,Derrick Henry,TEN,RB,2,2,4,1,0,349,1538,4.41,13,41,33,398,12.06,0,6,3,13,,,122,3,4
5,Justin Jefferson,MIN,WR,2,2,34,0,0,4,24,6,1,184,128,1809,14.13,8,0,0,9,1,,119,1,5
6,Austin Ekeler,LAC,RB,0,0,0,0,0,204,915,4.49,13,127,107,722,6.75,5,5,3,18,,,118,4,6
7,Josh Allen,BUF,QB,359,567,4283,35,14,124,762,6.15,7,0,0,0,,0,13,5,7,1,1,117,2,7
8,Travis Kelce,KAN,TE,0,0,0,0,0,2,5,2.5,0,152,110,1338,12.16,12,1,1,12,1,,114,1,8
9,Davante Adams,LVR,WR,0,0,0,0,0,3,-1,-0.33,0,180,100,1516,15.16,14,1,0,14,,,114,2,9
10,Nick Chubb,CLE,RB,0,0,0,0,0,302,1525,5.05,12,37,27,239,8.85,1,1,1,13,1,,107,5,10
11,Tyreek Hill,MIA,WR,0,0,0,0,0,7,32,4.57,1,170,119,1710,14.37,7,1,0,9,,,107,3,11
12,Jalen Hurts,PHI,QB,306,460,3701,22,6,165,760,4.61,13,0,0,0,,0,9,2,13,2,,100,3,12
13,A.J. Brown,PHI,WR,0,0,0,0,0,0,0,,0,145,88,1496,17,11,2,2,11,,,91,4,13
14,Stefon Diggs,BUF,WR,0,0,0,0,0,1,-3,-3,0,154,108,1429,13.23,11,1,0,11,,,89,5,14
15,Saquon Barkley,NYG,RB,0,0,0,0,0,295,1312,4.45,10,76,57,338,5.93,0,1,0,10,1,,82,6,15
16,CeeDee Lamb,DAL,WR,0,0,0,0,0,10,47,4.7,0,156,107,1359,12.7,9,0,0,9,,,75,6,16
17,Joe Burrow,CIN,QB,414,606,4475,35,12,75,257,3.43,5,0,0,0,,0,6,3,5,,3,74,4,17
18,Jamaal Williams,DET,RB,0,0,0,0,0,262,1066,4.07,17,16,12,73,6.08,0,3,2,17,1,,69,7,18
19,Jaylen Waddle,MIA,WR,0,0,0,0,0,3,26,8.67,0,117,75,1356,18.08,8,1,1,8,,,66,7,19
20,Tony Pollard,DAL,RB,0,0,0,0,0,193,1007,5.22,9,55,39,371,9.51,3,0,0,12,,,65,8,20
21,Dalvin Cook,MIN,RB,0,0,0,0,0,264,1173,4.44,8,56,39,295,7.56,2,4,4,10,,,55,9,21
22,Miles Sanders,PHI,RB,0,0,0,0,0,259,1269,4.9,11,26,20,78,3.9,0,2,2,11,,,53,10,22
23,George Kittle,SFO,TE,0,0,0,0,0,0,0,,0,86,60,765,12.75,11,1,1,11,,,52,2,23
24,Amari Cooper,CLE,WR,0,1,0,0,1,0,0,,0,132,78,1160,14.87,9,0,0,9,,,50,8,24
25,Taysom Hill,NOR,TE,13,19,240,2,0,96,575,5.99,7,13,9,77,8.56,2,2,0,9,,,49,3,25
26,Aaron Jones,GNB,RB,0,0,0,0,0,213,1121,5.26,2,72,59,395,6.69,5,5,3,7,1,,46,11,26
27,Amon-Ra St. Brown,DET,WR,0,0,0,0,0,9,95,10.56,0,146,106,1161,10.95,6,0,0,6,,,44,9,27
28,DeVonta Smith,PHI,WR,0,0,0,0,0,0,0,,0,136,95,1196,12.59,7,1,1,7,,,42,10,28
29,T.J. Hockenson,2TM,TE,0,0,0,0,0,0,0,,0,129,86,914,10.63,6,1,1,6,2,,42,4,29
30,Christian Kirk,JAX,WR,0,1,0,0,0,5,11,2.2,0,133,84,1108,13.19,8,1,1,8,,,41,11,30
31,Najee Harris,PIT,RB,1,1,4,0,0,272,1034,3.8,7,53,41,229,5.59,3,3,2,10,,,40,12,31
32,Ja'Marr Chase,CIN,WR,0,0,0,0,0,5,8,1.6,0,134,87,1046,12.02,9,2,2,9,,,38,12,32
33,Rhamondre Stevenson,NWE,RB,0,0,0,0,0,210,1040,4.95,5,88,69,421,6.1,1,4,1,6,,,37,13,33
34,Joe Mixon,CIN,RB,0,0,0,0,0,210,814,3.88,7,75,60,441,7.35,2,0,0,9,,,37,14,34
35,Tyler Lockett,SEA,WR,0,0,0,0,0,0,0,,0,117,84,1033,12.3,9,2,2,9,,,37,13,35
36,Terry McLaurin,WAS,WR,0,0,0,0,0,7,29,4.14,0,120,77,1191,15.47,5,1,0,5,,,35,14,36
37,Brandon Aiyuk,SFO,WR,0,0,0,0,0,2,23,11.5,0,114,78,1015,13.01,8,1,1,8,,,33,15,37
38,Kenneth Walker III,SEA,RB,0,0,0,0,0,228,1050,4.61,9,35,27,165,6.11,0,0,0,9,,,33,15,38
39,Mike Evans,TAM,WR,0,0,0,0,0,0,0,,0,127,77,1124,14.6,6,0,0,6,,,32,16,39
40,Tee Higgins,CIN,WR,0,0,0,0,0,0,0,,0,109,74,1029,13.91,7,0,0,7,1,,30,17,40
41,Mark Andrews,BAL,TE,0,0,0,0,0,3,8,2.67,0,113,73,847,11.6,5,1,0,5,1,,30,5,41
42,Geno Smith,SEA,QB,399,572,4282,30,11,68,366,5.38,1,0,0,0,,0,8,4,1,,,30,5,42
43,Travis Etienne,JAX,RB,0,0,0,0,0,220,1125,5.11,5,45,35,316,9.03,0,5,3,5,1,,28,16,43
44,Ezekiel Elliott,DAL,RB,0,0,0,0,0,231,876,3.79,12,23,17,92,5.41,0,0,0,12,,,27,17,44
45,Justin Fields,CHI,QB,192,318,2242,17,11,160,1143,7.14,8,0,0,0,,0,16,2,8,,1,23,6,45
46,Trevor Lawrence,JAX,QB,387,584,4113,25,8,62,291,4.69,5,0,0,0,,0,12,9,5,,3,23,7,46
47,Jerry Jeudy,DEN,WR,0,0,0,0,0,4,40,10,0,100,67,972,14.51,6,0,0,6,,,21,18,47
48,D.K. Metcalf,SEA,WR,0,0,0,0,0,0,0,,0,141,90,1048,11.64,6,2,2,6,,,21,19,48
49,D.J. Moore,CAR,WR,0,0,0,0,0,10,53,5.3,0,118,63,888,14.1,7,0,0,7,,,20,20,49
50,Kirk Cousins,MIN,QB,424,643,4547,29,14,31,97,3.13,2,0,0,0,,0,7,3,2,,3,19,8,50
51,Evan Engram,JAX,TE,0,0,0,0,0,2,13,6.5,0,98,73,766,10.49,4,0,0,4,1,,18,6,51
52,Garrett Wilson,NYJ,WR,0,1,0,0,0,4,4,1,0,147,83,1103,13.29,4,2,1,4,,,17,21,52
53,Daniel Jones,NYG,QB,317,472,3205,15,5,120,708,5.9,7,0,0,0,,0,6,3,7,,2,16,9,53
54,Alvin Kamara,NOR,RB,0,0,0,0,0,223,897,4.02,2,77,57,490,8.6,2,4,4,4,,,14,18,54
55,James Conner,ARI,RB,0,0,0,0,0,183,782,4.27,7,58,46,300,6.52,1,3,1,8,,,13,19,55
56,Leonard Fournette,TAM,RB,0,1,0,0,1,189,668,3.53,3,83,73,523,7.16,3,0,0,6,,,12,20,56
57,Cole Kmet,CHI,TE,0,0,0,0,0,2,9,4.5,0,69,50,544,10.88,7,1,0,7,,,11,7,57
58,Cooper Kupp,LAR,WR,0,1,0,0,0,9,52,5.78,1,98,75,812,10.83,6,2,1,7,,,11,22,58
59,Chris Olave,NOR,WR,0,0,0,0,0,0,0,,0,119,72,1042,14.47,4,2,2,4,1,,11,23,59
60,Jared Goff,DET,QB,382,587,4438,29,7,29,73,2.52,0,1,1,5,5,0,7,4,0,1,1,11,10,60
61,Gabriel Davis,BUF,WR,0,0,0,0,0,0,0,,0,93,48,836,17.42,7,1,1,7,,,9,24,61
62,Christian Watson,GNB,WR,0,0,0,0,0,7,80,11.43,2,66,41,611,14.9,7,0,0,9,,,8,25,62
63,Juwan Johnson,NOR,TE,0,0,0,0,0,0,0,,0,65,42,508,12.1,7,0,0,7,,,7,8,63
64,Justin Herbert,LAC,QB,477,699,4739,25,10,54,147,2.72,0,2,2,-10,-5,0,8,3,0,,1,7,11,64
65,Chris Godwin,TAM,WR,0,0,0,0,0,3,5,1.67,0,142,104,1023,9.84,3,2,2,3,1,,4,26,65
66,David Montgomery,CHI,RB,0,0,0,0,0,201,801,3.99,5,40,34,316,9.29,1,2,2,6,,,3,21,66
67,Tyler Allgeier,ATL,RB,0,0,0,0,0,210,1035,4.93,3,17,16,139,8.69,1,0,0,4,1,,3,22,67
68,Michael Pittman Jr.,IND,WR,0,0,0,0,0,3,30,10,0,141,99,925,9.34,4,2,1,4,,,3,27,68
69,D'Andre Swift,DET,RB,0,0,0,0,0,99,542,5.47,5,70,48,389,8.1,3,1,0,8,1,,3,23,69
70,Dawson Knox,BUF,TE,0,0,0,0,0,0,0,,0,65,48,517,10.77,6,0,0,6,,,2,9,70
71,Zay Jones,JAX,WR,0,0,0,0,0,4,18,4.5,0,121,82,823,10.04,5,0,0,5,1,,2,28,71
72,Dallas Goedert,PHI,TE,0,0,0,0,0,0,0,,0,69,55,702,12.76,3,1,1,3,,,1,10,72
73,Dalton Schultz,DAL,TE,0,0,0,0,0,0,0,,0,89,57,577,10.12,5,1,1,5,,,,11,73
74,Allen Lazard,GNB,WR,0,0,0,0,0,2,0,0,0,100,60,788,13.13,6,0,0,6,,,,29,74
75,Tory Carter,TEN,,0,0,0,0,0,0,0,,0,0,0,0,,0,0,0,0,,,,2,75
76,Alex Armah,WAS,,0,0,0,0,0,0,0,,0,0,0,0,,0,0,0,0,,,,1,76
77,Pat Freiermuth,PIT,TE,0,0,0,0,0,0,0,,0,98,63,732,11.62,2,0,0,2,,,,12,77
78,Jerick McKinnon,KAN,RB,0,0,0,0,0,72,291,4.04,1,71,56,512,9.14,9,1,1,10,1,,,24,78
79,Tom Brady,TAM,QB,490,733,4694,25,9,29,-1,-0.03,1,1,0,0,,0,5,4,1,,2,,12,
80,Aaron Rodgers,GNB,QB,350,542,3695,26,12,34,94,2.76,1,0,0,0,,0,8,4,1,,2,,13,
81,Lamar Jackson,BAL,QB,203,326,2242,17,7,112,764,6.82,3,0,0,0,,0,5,2,3,,1,,14,
82,Tua Tagovailoa,MIA,QB,259,400,3548,25,8,23,70,3.04,0,0,0,0,,0,6,1,0,,,,15,
83,Russell Wilson,DEN,QB,292,483,3524,16,11,55,277,5.04,3,1,1,1,1,0,6,2,3,,,,16,
84,Derek Carr,LVR,QB,305,502,3522,24,14,24,102,4.25,0,0,0,0,,0,4,0,0,,,,17,
85,Kyler Murray,ARI,QB,259,390,2368,14,7,67,418,6.24,3,0,0,0,,0,8,2,3,1,3,,18,
86,Dak Prescott,DAL,QB,261,394,2860,23,15,45,182,4.04,1,0,0,0,,0,4,1,1,,,,19,
87,Marcus Mariota,ATL,QB,184,300,2219,15,9,85,438,5.15,4,0,0,0,,0,8,3,4,,2,,20,
88,Davis Mills,HOU,QB,292,479,3118,17,15,32,108,3.38,2,0,0,0,,0,8,3,2,,1,,21,
89,Andy Dalton,NOR,QB,252,378,2871,18,9,30,54,1.8,0,0,0,0,,0,5,1,0,,1,,22,
90,Mac Jones,NWE,QB,288,442,2997,14,11,47,102,2.17,1,0,0,0,,0,5,1,1,,1,,23,
91,Jacoby Brissett,CLE,QB,236,369,2608,12,6,49,243,4.96,2,0,0,0,,0,6,4,2,,,,24,
92,Jimmy Garoppolo,SFO,QB,207,308,2437,16,4,23,33,1.43,2,0,0,0,,0,3,2,2,,,,25,
93,Ryan Tannehill,TEN,QB,212,325,2536,13,6,34,98,2.88,2,0,0,0,,0,3,2,2,,1,,26,
94,Matt Ryan,IND,QB,309,461,3057,14,13,27,70,2.59,1,0,0,0,,0,15,5,1,,,,27,
95,Kenny Pickett,PIT,QB,245,389,2404,7,9,55,237,4.31,3,0,0,0,,0,4,1,3,,2,,28,
96,AJ Dillon,GNB,RB,0,0,0,0,0,186,770,4.14,7,43,28,206,7.36,0,1,0,7,,,,26,
97,Devin Singletary,BUF,RB,0,0,0,0,0,177,819,4.63,5,52,38,280,7.37,1,3,3,6,,,,25,
98,Raheem Mostert,MIA,RB,0,0,0,0,0,181,891,4.92,3,42,31,202,6.52,2,1,1,5,,,,27,
99,Jeff Wilson,2TM,RB,0,0,0,0,0,176,860,4.89,5,37,22,185,8.41,1,3,2,6,,,,28,
100,Dameon Pierce,HOU,RB,0,0,0,0,0,220,939,4.27,4,39,30,165,5.5,1,4,2,5,,,,29,
101,Cordarrelle Patterson,ATL,RB,0,0,0,0,0,144,695,4.83,8,31,21,122,5.81,0,1,1,9,,,,30,
102,Cam Akers,LAR,RB,0,0,0,0,0,188,786,4.18,7,18,13,117,9,0,2,2,7,,,,31,
103,Latavius Murray,2TM,RB,0,0,0,0,0,171,760,4.44,6,35,27,132,4.89,0,1,0,6,1,,,32,
104,D'Onta Foreman,CAR,RB,0,0,0,0,0,203,914,4.5,5,9,5,26,5.2,0,1,0,5,1,,,33,
105,Isiah Pacheco,KAN,RB,0,0,0,0,0,170,830,4.88,5,14,13,130,10,0,4,2,5,,,,34,
106,Baker Mayfield,2TM,QB,201,335,2163,10,8,31,89,2.87,1,0,0,0,,0,9,2,1,,,,29,
107,Antonio Gibson,WAS,RB,0,0,0,0,0,149,546,3.66,3,58,46,353,7.67,2,1,0,5,,,,35,
108,Jonathan Taylor,IND,RB,0,0,0,0,0,192,861,4.48,4,40,28,143,5.11,0,3,3,4,,,,36,
109,Taylor Heinicke,WAS,QB,161,259,1859,12,6,28,96,3.43,1,0,0,0,,0,7,5,1,,,,30,
110,George Pickens,PIT,WR,0,0,0,0,0,3,24,8,1,84,52,801,15.4,4,0,0,5,1,,,30,
111,Mike Williams,LAC,WR,0,0,0,0,0,0,0,,0,93,63,895,14.21,4,0,0,4,,,,31,
112,Jakobi Meyers,NWE,WR,0,0,0,0,0,2,-11,-5.5,0,96,67,804,12,6,2,2,6,1,,,32,
113,Carson Wentz,WAS,QB,172,276,1755,11,9,22,86,3.91,1,0,0,0,,0,6,1,1,,2,,31,
114,Curtis Samuel,WAS,WR,0,0,0,0,0,38,187,4.92,1,92,64,656,10.25,4,1,1,5,,,,34,
115,Deebo Samuel,SFO,WR,0,0,0,0,0,42,232,5.52,3,94,56,632,11.29,2,3,2,5,,,,33,
116,Adam Thielen,MIN,WR,0,0,0,0,0,1,4,4,0,107,70,716,10.23,6,0,0,6,1,,,35,
117,Tyler Boyd,CIN,WR,1,1,23,0,0,0,0,,0,82,58,762,13.14,5,0,0,5,1,,,36,
118,Khalil Herbert,CHI,RB,0,0,0,0,0,129,731,5.67,4,12,9,57,6.33,1,0,0,5,,,,37,
119,Matthew Stafford,LAR,QB,206,303,2087,10,8,13,9,0.69,1,0,0,0,,0,5,3,1,,,,32,
120,Drake London,ATL,WR,0,0,0,0,0,0,0,,0,117,72,866,12.03,4,3,3,4,1,,,38,
121,JuJu Smith-Schuster,KAN,WR,0,0,0,0,0,0,0,,0,101,78,933,11.96,3,3,2,3,,,,37,
122,Donovan Peoples-Jones,CLE,WR,0,0,0,0,0,1,2,2,0,96,61,839,13.75,3,1,1,4,,,,39,
123,Brock Purdy,SFO,QB,114,170,1374,13,4,22,13,0.59,1,0,0,0,,0,0,0,1,,,,33,
124,Samaje Perine,CIN,RB,0,0,0,0,0,95,394,4.15,2,51,38,287,7.55,4,0,0,6,,,,38,
125,Brian Robinson Jr.,WAS,RB,0,0,0,0,0,205,797,3.89,2,12,9,60,6.67,1,2,0,3,,,,39,
126,Keenan Allen,LAC,WR,0,0,0,0,0,1,8,8,0,89,66,752,11.39,4,1,1,4,,,,40,
127,Zach Wilson,NYJ,QB,132,242,1688,6,7,28,102,3.64,1,1,1,2,2,1,1,1,2,,,,34,
128,Mack Hollins,LVR,WR,1,1,4,0,0,4,40,10,0,94,57,690,12.11,4,0,0,4,,,,42,
129,Josh Palmer,LAC,WR,0,0,0,0,0,1,4,4,0,107,72,769,10.68,3,1,0,3,1,,,41,
130,Jahan Dotson,WAS,WR,0,0,0,0,0,2,-7,-3.5,0,61,35,523,14.94,7,0,0,7,1,,,43,
131,Breece Hall,NYJ,RB,0,0,0,0,0,80,463,5.79,4,31,19,218,11.47,1,1,1,5,,,,40,
132,K.J. Osborn,MIN,WR,0,0,0,0,0,3,6,2,0,90,60,650,10.83,5,1,0,5,,,,44,
133,Diontae Johnson,PIT,WR,0,0,0,0,0,7,25,3.57,0,147,86,882,10.26,0,1,0,0,2,,,46,
134,Courtland Sutton,DEN,WR,0,0,0,0,0,1,5,5,0,109,64,829,12.95,2,0,0,2,,,,45,
135,Kareem Hunt,CLE,RB,0,0,0,0,0,123,468,3.8,3,44,35,210,6,1,1,0,4,,,,41,
136,Marquise Brown,ARI,WR,0,0,0,0,0,1,1,1,0,107,67,709,10.58,3,1,0,3,,,,47,
137,Brandin Cooks,HOU,WR,0,0,0,0,0,2,7,3.5,0,93,57,699,12.26,3,0,0,3,,,,48,
138,Rachaad White,TAM,RB,0,0,0,0,0,129,481,3.73,1,58,50,290,5.8,2,3,3,3,,,,42,
139,DeAndre Hopkins,ARI,WR,0,0,0,0,0,0,0,,0,96,64,717,11.2,3,2,1,3,,,,49,
140,Kenyan Drake,BAL,RB,0,0,0,0,0,109,482,4.42,4,26,17,89,5.24,1,1,0,5,,,,43,
141,Parris Campbell,IND,WR,0,0,0,0,0,5,58,11.6,0,91,63,623,9.89,3,1,0,3,,,,50,
142,Sam Darnold,CAR,QB,82,140,1143,7,3,26,106,4.08,2,0,0,0,,0,6,2,2,,,,35,
143,Deshaun Watson,CLE,QB,99,170,1102,7,5,36,175,4.86,1,0,0,0,,0,1,0,1,,,,36,
144,Michael Carter,NYJ,RB,0,0,0,0,0,114,402,3.53,3,54,41,288,7.02,0,2,1,3,,,,44,
145,James Cook,BUF,RB,0,0,0,0,0,89,507,5.7,2,32,21,180,8.57,1,1,1,3,,,,45,
146,David Njoku,CLE,TE,0,0,0,0,0,2,-8,-4,0,80,58,628,10.83,4,1,1,4,,,,13,
147,Gerald Everett,LAC,TE,0,0,0,0,0,1,0,0,0,87,58,555,9.57,4,0,0,4,1,,,14,
148,Darius Slayton,NYG,WR,0,0,0,0,0,0,0,,0,71,46,724,15.74,2,2,1,2,,,,51,
149,Clyde Edwards-Helaire,KAN,RB,0,0,0,0,0,71,302,4.25,3,23,17,151,8.88,3,0,0,6,,,,46,
150,Jordan Akins,HOU,TE,0,0,0,0,0,0,0,,0,54,37,495,13.38,5,1,1,5,1,,,16,
151,Tyler Higbee,LAR,TE,0,0,0,0,0,0,0,,0,108,72,620,8.61,3,0,0,3,,,,15,
152,Marquez Valdes-Scantling,KAN,WR,0,0,0,0,0,1,-3,-3,0,81,42,687,16.36,2,0,0,2,,,,52,
153,Devin Duvernay,BAL,WR,0,0,0,0,0,12,84,7,1,49,37,407,11,3,1,0,5,,,,53,
154,Isaiah McKenzie,BUF,WR,0,0,0,0,0,9,55,6.11,1,65,42,423,10.07,4,0,0,5,,,,54,
155,James Robinson,2TM,RB,0,0,0,0,0,110,425,3.86,3,14,11,51,4.64,2,1,0,5,,,,47,
156,Richie James,NYG,WR,0,0,0,0,0,2,6,3,0,70,57,569,9.98,4,3,3,4,,,,55,
157,Tyler Conklin,NYJ,TE,0,0,0,0,0,2,3,1.5,0,87,58,552,9.52,3,2,0,3,,,,17,
158,J.K. Dobbins,BAL,RB,0,0,0,0,0,92,520,5.65,2,8,7,42,6,1,0,0,3,,,,48,
159,Damien Harris,NWE,RB,0,0,0,0,0,106,462,4.36,3,23,17,97,5.71,0,0,0,3,,,,49,
160,Chuba Hubbard,CAR,RB,0,0,0,0,0,95,466,4.91,2,17,14,171,12.21,0,2,1,2,,,,50,
161,Mitchell Trubisky,PIT,QB,117,180,1252,4,5,19,38,2,2,0,0,0,,0,0,0,2,,1,,37,
162,Noah Fant,SEA,TE,0,0,0,0,0,0,0,,0,63,50,486,9.72,4,0,0,4,,,,18,
163,Russell Gage,TAM,WR,0,0,0,0,0,0,0,,0,70,51,426,8.35,5,1,1,5,1,,,56,
164,Alexander Mattison,MIN,RB,0,0,0,0,0,74,283,3.82,5,18,15,91,6.07,1,0,0,6,,,,51,
165,Rashid Shaheed,NOR,WR,0,0,0,0,0,4,57,14.25,1,34,28,488,17.43,2,1,0,3,,,,57,
166,Noah Brown,DAL,WR,0,0,0,0,0,0,0,,0,74,43,555,12.91,3,1,1,3,,,,59,
167,DeVante Parker,NWE,WR,0,0,0,0,0,0,0,,0,47,31,539,17.39,3,0,0,3,,,,58,
168,Marvin Jones,JAX,WR,0,0,0,0,0,0,0,,0,81,46,529,11.5,3,0,0,3,,,,61,
169,Alec Pierce,IND,WR,0,0,0,0,0,0,0,,0,78,41,593,14.46,2,1,0,2,,,,60,
170,Olamide Zaccheaus,ATL,WR,0,0,0,0,0,2,7,3.5,0,61,40,533,13.33,3,1,1,3,,,,62,
171,Zach Ertz,ARI,TE,0,0,0,0,0,0,0,,0,69,47,406,8.64,4,0,0,4,2,,,19,
172,Mecole Hardman,KAN,WR,0,0,0,0,0,4,31,7.75,2,34,25,297,11.88,4,1,0,6,,,,64,
173,Kalif Raymond,DET,WR,0,0,0,0,0,7,36,5.14,0,64,47,616,13.11,0,3,1,1,,,,63,
174,DJ Chark,DET,WR,0,0,0,0,0,0,0,,0,52,30,502,16.73,3,0,0,3,,,,65,
175,Chris Moore,HOU,WR,0,0,0,0,0,3,3,1,0,74,48,548,11.42,2,0,0,2,,,,66,
176,DeAndre Carter,LAC,WR,0,0,0,0,0,2,-15,-7.5,0,65,46,538,11.7,3,3,2,3,,,,68,
177,Corey Davis,NYJ,WR,0,0,0,0,0,0,0,,0,64,32,536,16.75,2,0,0,2,,,,70,
178,Michael Gallup,DAL,WR,0,0,0,0,0,0,0,,0,74,39,424,10.87,4,0,0,4,,,,67,
179,Mike Gesicki,MIA,TE,0,0,0,0,0,0,0,,0,52,32,362,11.31,5,0,0,5,,,,20,
180,Josh Reynolds,DET,WR,0,0,0,0,0,0,0,,0,59,38,479,12.61,3,0,0,3,,,,69,
181,Eno Benjamin,3TM,RB,0,0,0,0,0,77,313,4.06,2,34,25,193,7.72,0,0,0,2,1,,,54,
182,Kenneth Gainwell,PHI,RB,0,0,0,0,0,53,240,4.53,4,29,23,169,7.35,0,0,0,4,,,,53,
183,Chigoziem Okonkwo,TEN,TE,0,0,0,0,0,3,2,0.67,0,46,32,450,14.06,3,0,0,3,1,,,21,
184,Jaylen Warren,PIT,RB,0,0,0,0,0,77,379,4.92,1,33,28,214,7.64,0,1,0,1,,,,52,
185,Marquise Goodwin,SEA,WR,0,0,0,0,0,2,5,2.5,0,42,27,387,14.33,4,0,0,4,,,,71,
186,Hunter Henry,NWE,TE,0,0,0,0,0,0,0,,0,59,41,509,12.41,2,0,0,2,,,,22,
187,Isaiah Hodgins,2TM,WR,0,0,0,0,0,0,0,,0,48,37,392,10.59,4,1,1,4,1,,,72,
188,Robert Woods,TEN,WR,0,0,0,0,0,0,0,,0,91,53,527,9.94,2,1,1,2,,,,73,
189,Melvin Gordon,DEN,RB,0,0,0,0,0,90,318,3.53,2,32,25,223,8.92,0,5,2,2,,,,55,
190,Darnell Mooney,CHI,WR,0,0,0,0,0,1,2,2,0,61,40,493,12.33,2,0,0,2,,,,74,
191,Treylon Burks,TEN,WR,0,0,0,0,0,4,47,11.75,0,54,33,444,13.45,1,0,0,2,,,,75,
192,Greg Dortch,ARI,WR,0,0,0,0,0,7,44,6.29,0,64,52,467,8.98,2,1,1,2,,,,76,
193,Nico Collins,HOU,WR,0,0,0,0,0,0,0,,0,66,37,481,13,2,0,0,2,,,,77,
194,Romeo Doubs,GNB,WR,0,0,0,0,0,1,11,11,0,67,42,425,10.12,3,2,1,3,,,,78,
195,Chase Claypool,2TM,WR,1,1,1,1,0,9,59,6.56,0,79,46,451,9.8,1,1,1,1,,,,79,
196,Gus Edwards,BAL,RB,0,0,0,0,0,87,433,4.98,3,2,0,0,,0,1,1,3,,,,56,
197,Robert Tonyan,GNB,TE,0,0,0,0,0,0,0,,0,67,53,470,8.87,2,0,0,2,,,,23,
198,Chase Edmonds,2TM,RB,0,0,0,0,0,68,245,3.6,2,24,16,157,9.81,1,0,0,3,,,,57,
199,Nick Westbrook-Ikhine,TEN,WR,0,0,0,0,0,0,0,,0,50,25,397,15.88,3,0,0,3,,,,80,
200,Darrell Henderson,LAR,RB,0,0,0,0,0,70,283,4.04,3,22,17,102,6,0,0,0,3,,,,58,
201,Cooper Rush,DAL,QB,94,162,1051,5,3,9,6,0.67,0,0,0,0,,0,2,0,0,,,,38,
202,Darren Waller,LVR,TE,0,0,0,0,0,0,0,,0,43,28,388,13.86,3,0,0,3,,,,24,
203,Mike White,NYJ,QB,103,175,1192,3,4,6,9,1.5,1,0,0,0,,0,2,1,1,,,,39,
204,Dontrell Hilliard,TEN,RB,0,0,0,0,0,22,145,6.59,0,26,21,177,8.43,4,0,0,4,,,,59,
205,Austin Hooper,TEN,TE,0,0,0,0,0,0,0,,0,60,41,444,10.83,2,0,0,2,,,,25,
206,Demarcus Robinson,BAL,WR,0,0,0,0,0,0,0,,0,75,48,458,9.54,2,2,1,2,,,,81,
207,Deon Jackson,IND,RB,0,0,0,0,0,68,236,3.47,1,34,30,209,6.97,1,1,1,2,,,,60,
208,Van Jefferson,LAR,WR,0,0,0,0,0,0,0,,0,44,24,369,15.38,3,0,0,3,,,,83,
209,Isaiah Likely,BAL,TE,0,0,0,0,0,0,0,,0,60,36,373,10.36,3,0,0,3,,,,26,
210,Terrace Marshall Jr.,CAR,WR,0,0,0,0,0,0,0,,0,47,28,490,17.5,1,2,0,1,,,,82,
211,Zack Moss,2TM,RB,0,0,0,0,0,93,456,4.9,1,13,11,39,3.55,0,1,1,1,,,,61,
212,Trent Sherfield,MIA,WR,0,0,0,0,0,0,0,,0,51,30,417,13.9,2,0,0,2,,,,84,
213,Kendrick Bourne,NWE,WR,0,0,0,0,0,6,39,6.5,0,48,35,434,12.4,1,2,0,1,,,,85,
214,Will Dissly,SEA,TE,0,0,0,0,0,0,0,,0,38,34,349,10.26,3,0,0,3,,,,29,
215,Greg Dulcich,DEN,TE,0,0,0,0,0,0,0,,0,55,33,411,12.45,2,0,0,2,,,,28,
216,Hayden Hurst,CIN,TE,0,0,0,0,0,0,0,,0,68,52,414,7.96,2,0,0,2,,,,27,
217,Foster Moreau,LVR,TE,0,0,0,0,0,0,2,,0,54,33,420,12.73,2,1,1,2,,,,30,
218,Allen Robinson,LAR,WR,0,0,0,0,0,0,0,,0,52,33,339,10.27,3,0,0,3,,,,86,
219,Quez Watkins,PHI,WR,0,0,0,0,0,3,1,0.33,0,51,33,354,10.73,3,1,1,3,,,,87,
220,Nyheim Hines,2TM,RB,0,0,0,0,0,24,33,1.38,1,37,30,241,8.03,1,2,0,4,,,,62,
221,Joshua Kelley,LAC,RB,0,0,0,0,0,69,287,4.16,2,25,14,101,7.21,0,0,0,2,,,,63,
222,Elijah Moore,NYJ,WR,0,0,0,0,0,5,5,1,0,65,37,446,12.05,1,1,0,1,,,,88,
223,Cade Otton,TAM,TE,0,0,0,0,0,0,0,,0,65,42,391,9.31,2,0,0,2,,,,31,
224,Jamycal Hasty,JAX,RB,0,0,0,0,0,46,194,4.22,2,26,20,126,6.3,1,0,0,3,,,,64,
225,Tyler Huntley,BAL,QB,75,112,658,2,3,43,137,3.19,1,0,0,0,,0,3,0,1,1,,,40,
226,Jelani Woods,IND,TE,0,0,0,0,0,0,0,,0,40,25,312,12.48,3,1,0,3,,,,32,
227,Randall Cobb,GNB,WR,0,0,0,0,0,0,0,,0,50,34,417,12.26,1,1,0,1,,,,90,
228,Joe Flacco,NYJ,QB,110,191,1051,5,3,3,6,2,0,0,0,-3,,0,5,4,0,,,,41,
229,Trenton Irwin,CIN,WR,0,0,0,0,0,1,11,11,0,23,15,231,15.4,4,0,0,4,,,,89,
230,Jauan Jennings,SFO,WR,0,0,0,0,0,0,0,,0,56,35,416,11.89,1,1,0,1,,,,91,
231,Rashaad Penny,SEA,RB,0,0,0,0,0,57,346,6.07,2,5,4,16,4,0,1,0,2,,,,65,
232,Kyle Pitts,ATL,TE,0,0,0,0,0,0,0,,0,59,28,356,12.71,2,0,0,2,,,,33,
233,Jamal Agnew,JAX,WR,0,0,0,0,0,12,86,7.17,0,30,23,187,8.13,3,0,0,3,1,,,92,
234,Rondale Moore,ARI,WR,0,0,0,0,0,6,-5,-0.83,0,56,41,414,10.1,1,0,0,1,,,,93,
235,Julio Jones,TAM,WR,0,0,0,0,0,5,45,9,0,43,24,299,12.46,2,0,0,2,,,,94,
236,Zonovan Knight,NYJ,RB,0,0,0,0,0,85,300,3.53,1,14,13,100,7.69,0,2,0,1,,,,66,
237,Dante Pettis,CHI,WR,0,0,0,0,0,2,37,18.5,0,41,19,245,12.89,3,1,0,3,,,,95,
238,Laviska Shenault Jr.,CAR,WR,0,0,0,0,0,9,65,7.22,1,32,27,272,10.07,1,0,0,2,,,,96,
239,Brock Wright,DET,TE,0,0,0,0,0,0,0,,0,24,18,216,12,4,0,0,4,,,,34,
240,Tutu Atwell,LAR,WR,0,0,0,0,0,9,34,3.78,1,35,18,298,16.56,1,0,0,2,,,,98,
241,Daniel Bellinger,NYG,TE,0,0,0,0,0,1,2,2,1,35,30,268,8.93,2,1,1,3,1,,,35,
242,Ben Skowronek,LAR,WR,0,0,0,0,0,1,17,17,1,61,39,376,9.64,0,0,0,1,,,,97,
243,Nelson Agholor,NWE,WR,0,0,0,0,0,0,0,,0,53,31,362,11.68,2,2,2,2,,,,100,
244,Ray-Ray McCloud,SFO,WR,0,0,0,0,0,4,78,19.5,1,25,14,243,17.36,1,2,0,2,,,,101,
245,Colby Parkinson,SEA,TE,0,0,0,0,0,0,0,,0,34,25,322,12.88,2,0,0,2,,,,36,
246,Equanimeous St. Brown,CHI,WR,0,0,0,0,0,6,54,9,0,38,21,323,15.38,1,1,0,1,,,,102,
247,Tyquan Thornton,NWE,WR,0,0,0,0,0,3,16,5.33,1,45,22,247,11.23,2,0,0,3,,,,99,
248,Justin Watson,KAN,WR,0,0,0,0,0,0,0,,0,34,15,315,21,2,0,0,2,,,,103,
249,Jameis Winston,NOR,QB,73,115,858,4,5,5,16,3.2,0,0,0,0,,0,3,0,0,,1,,42,
250,Caleb Huntley,ATL,RB,0,0,0,0,0,76,366,4.82,1,2,2,3,1.5,0,1,0,1,,,,67,
251,Hunter Renfrow,LVR,WR,0,0,0,0,0,0,0,,0,50,36,330,9.17,2,3,1,2,,,,104,
252,Jarrett Stidham,LVR,QB,53,83,656,4,3,14,84,6,0,0,0,0,,0,3,1,0,,,,43,
253,Noah Gray,KAN,TE,0,0,0,0,0,1,1,1,1,34,28,299,10.68,1,0,0,2,,,,37,
254,Elijah Mitchell,SFO,RB,0,0,0,0,0,45,279,6.2,2,4,3,7,2.33,0,0,0,2,,,,69,
255,Boston Scott,PHI,RB,0,0,0,0,0,54,217,4.02,3,6,5,15,3,0,0,0,3,,,,68,
256,Kadarius Toney,2TM,WR,0,0,0,0,0,7,82,11.71,1,20,16,171,10.69,2,1,1,3,,,,105,
257,Braxton Berrios,NYJ,WR,1,1,2,1,0,9,91,10.11,2,32,18,145,8.06,0,1,0,2,,,,106,
258,Matt Breida,NYG,RB,0,0,0,0,0,54,220,4.07,1,25,20,118,5.9,0,0,0,1,,,,71,
259,Rex Burkhead,HOU,RB,0,1,0,0,0,26,80,3.08,0,51,37,204,5.51,1,0,0,2,,,,70,
260,Shi Smith,CAR,WR,0,0,0,0,0,0,0,,0,41,22,296,13.45,2,4,1,2,,,,107,
261,Rashod Bateman,BAL,WR,0,0,0,0,0,0,0,,0,28,15,285,19,2,1,1,2,,,,109,
262,Damiere Byrd,ATL,WR,0,0,0,0,0,0,0,,0,23,13,268,20.62,2,0,0,2,,,,108,
263,Justin Jackson,DET,RB,0,0,0,0,0,42,170,4.05,1,19,12,101,8.42,1,0,0,2,,,,72,
264,MyCole Pruitt,ATL,TE,0,0,0,0,0,0,0,,0,21,16,150,9.38,4,0,0,4,,,,38,
265,Desmond Ridder,ATL,QB,73,115,708,2,0,16,64,4,0,0,0,0,,0,3,2,0,,,,45,
266,P.J. Walker,CAR,QB,63,106,731,3,3,6,39,6.5,0,0,0,0,,0,0,0,0,,,,44,
267,Bailey Zappe,NWE,QB,65,92,781,5,3,10,0,0,0,1,1,-6,-6,0,4,3,0,,,,46,
268,Teddy Bridgewater,MIA,QB,49,79,683,4,4,3,27,9,0,0,0,0,,0,0,0,0,,,,47,
269,A.J. Green,ARI,WR,0,0,0,0,0,0,0,,0,47,24,236,9.83,2,0,0,2,1,,,110,
270,Logan Thomas,WAS,TE,0,0,0,0,0,0,0,,0,61,39,323,8.28,1,0,0,1,,,,39,
271,Gardner Minshew II,PHI,QB,44,76,663,3,3,7,3,0.43,1,0,0,0,,0,4,1,1,,,,48,
272,Sam Ehlinger,IND,QB,64,101,573,3,3,17,87,5.12,0,0,0,0,,0,2,1,0,,,,49,
273,Mo Alie-Cox,IND,TE,0,0,0,0,0,0,0,,0,28,19,189,9.95,3,1,1,3,,,,41,
274,Kyle Juszczyk,SFO,RB,0,0,0,0,0,7,26,3.71,1,23,19,200,10.53,1,0,0,2,,,,73,
275,Jarvis Landry,NOR,WR,0,0,0,0,0,0,0,,0,39,25,272,10.88,1,1,0,1,1,,,111,
276,Michael Thomas,NOR,WR,0,0,0,0,0,0,0,,0,22,16,171,10.69,3,0,0,3,,,,112,
277,C.J. Uzomah,NYJ,TE,0,0,0,0,0,0,0,,0,27,21,232,11.05,2,0,0,2,,,,40,
278,Mark Ingram,NOR,RB,0,0,0,0,0,62,233,3.76,1,18,16,68,4.25,0,2,2,1,1,,,74,
279,Tre'Quan Smith,NOR,WR,0,0,0,0,0,0,0,,0,27,19,278,14.63,1,0,0,1,,,,113,
280,Raheem Blackshear,CAR,RB,0,0,0,0,0,23,77,3.35,3,12,10,93,9.3,0,1,1,3,,,,75,
281,Trey McBride,ARI,TE,0,0,0,0,0,0,0,,0,39,29,265,9.14,1,1,0,1,,,,43,
282,Colt McCoy,ARI,QB,90,132,780,1,3,14,36,2.57,0,0,0,0,,0,2,0,0,,,,50,
283,Tommy Tremble,CAR,TE,0,0,0,0,0,0,0,,0,32,19,174,9.16,3,1,1,3,,,,42,
284,Chosen Anderson,2TM,WR,0,0,0,0,0,0,0,,0,44,20,282,14.1,1,1,1,1,,,,115,
285,Phillip Dorsett,HOU,WR,0,1,0,0,0,0,0,,0,40,20,257,12.85,1,0,0,1,,,,116,
286,Kendall Hinton,DEN,WR,0,0,0,0,0,2,13,6.5,0,33,24,311,12.96,0,0,0,0,,,,114,
287,Jordan Mason,SFO,RB,0,0,0,0,0,43,258,6,1,0,0,0,,0,0,0,1,,,,76,
288,Harrison Bryant,CLE,TE,0,0,0,0,0,1,8,8,0,42,31,239,7.71,1,0,0,1,,,,44,
289,Ty Johnson,NYJ,RB,0,0,0,0,0,30,160,5.33,1,24,12,88,7.33,0,0,0,1,,,,77,
290,Sammy Watkins,2TM,WR,0,0,0,0,0,0,0,,0,27,16,325,20.31,0,1,1,0,,,,117,
291,Kylen Granson,IND,TE,0,0,0,0,0,1,0,0,0,40,31,302,9.74,0,1,0,0,,,,45,
292,Justice Hill,BAL,RB,0,0,0,0,0,49,262,5.35,0,12,12,58,4.83,0,2,1,0,,,,79,
293,Marlon Mack,2TM,RB,0,0,0,0,0,16,84,5.25,1,10,8,99,12.38,1,0,0,2,,,,78,
294,Irv Smith Jr.,MIN,TE,0,0,0,0,0,0,0,,0,36,25,182,7.28,2,1,0,2,,,,46,
295,Shane Zylstra,DET,TE,0,0,0,0,0,0,0,,0,15,11,60,5.45,4,0,0,4,,,,47,
296,Ameer Abdullah,LVR,RB,0,0,0,0,0,4,20,5,0,32,25,211,8.44,1,0,0,1,,,,81,
297,DeeJay Dallas,SEA,RB,0,1,0,0,1,35,186,5.31,0,19,17,126,7.41,0,1,0,0,,,,80,
298,Jake Ferguson,DAL,TE,0,0,0,0,0,0,0,,0,22,19,174,9.16,2,0,0,2,,,,48,
299,Peyton Hendershot,DAL,TE,0,0,0,0,0,1,2,2,1,16,11,103,9.36,2,1,0,3,,,,49,
300,J.D. McKissic,WAS,RB,0,0,0,0,0,22,95,4.32,0,40,27,173,6.41,0,0,0,0,1,,,82,
301,Dare Ogunbowale,HOU,RB,0,0,0,0,0,42,123,2.93,1,26,20,104,5.2,0,0,0,1,,,,83,
302,Wan'Dale Robinson,NYG,WR,0,0,0,0,0,2,-1,-0.5,0,31,23,227,9.87,1,0,0,1,,,,118,
303,Dyami Brown,WAS,WR,0,0,0,0,0,1,15,15,0,14,5,143,28.6,2,0,0,2,,,,120,
304,Malik Davis,DAL,RB,0,0,0,0,0,38,161,4.24,1,7,6,63,10.5,0,0,0,1,,,,84,
305,Ashton Dulin,IND,WR,0,0,0,0,0,2,8,4,0,22,15,207,13.8,1,0,0,1,,,,121,
306,KhaDarel Hodge,ATL,WR,0,0,0,0,0,0,0,,0,20,13,202,15.54,1,0,0,1,1,,,119,
307,Travis Homer,SEA,RB,0,0,0,0,0,19,74,3.89,0,18,16,157,9.81,1,1,1,1,,,,85,
308,O.J. Howard,HOU,TE,0,0,0,0,0,0,0,,0,23,10,145,14.5,2,0,0,2,,,,52,
309,Velus Jones Jr.,CHI,WR,0,0,0,0,0,9,103,11.44,1,14,7,107,15.29,1,3,3,2,,,,122,
310,Josh Oliver,BAL,TE,0,0,0,0,0,0,0,,0,25,14,149,10.64,2,0,0,2,,,,50,
311,Adam Trautman,NOR,TE,0,0,0,0,0,0,0,,0,22,18,207,11.5,1,0,0,1,,,,51,
312,Byron Pringle,CHI,WR,0,0,0,0,0,0,0,,0,16,10,135,13.5,2,0,0,2,,,,123,
313,Javonte Williams,DEN,RB,0,0,0,0,0,47,204,4.34,0,22,16,76,4.75,0,1,1,0,,,,86,
314,Jonnu Smith,NWE,TE,0,0,0,0,0,1,5,5,0,38,27,245,9.07,0,1,0,0,,,,53,
315,Durham Smythe,MIA,TE,0,0,0,0,0,2,1,0.5,1,20,15,129,8.6,1,0,0,2,,,,54,
316,Gary Brightwell,NYG,RB,0,0,0,0,0,31,141,4.55,1,8,5,39,7.8,0,0,0,1,,,,87,
317,Connor Heyward,PIT,TE,0,0,0,0,0,2,27,13.5,0,17,12,151,12.58,1,0,0,1,,,,55,
318,Jalen Nailor,MIN,WR,0,0,0,0,0,0,0,,0,13,9,179,19.89,1,0,0,1,,,,125,
319,Brandon Powell,LAR,WR,0,0,0,0,0,17,80,4.71,0,32,24,156,6.5,0,1,0,0,,,,126,
320,Khalil Shakir,BUF,WR,0,0,0,0,0,0,0,,0,20,10,161,16.1,1,0,0,1,1,,,124,
321,Alec Ingold,MIA,RB,0,0,0,0,0,6,8,1.33,1,23,15,105,7,1,0,0,2,,,,88,
322,Teagan Quitoriano,HOU,TE,0,0,0,0,0,0,0,,0,14,7,113,16.14,2,0,0,2,,,,56,
323,Amari Rodgers,2TM,WR,0,0,0,0,0,2,7,3.5,0,25,16,204,12.75,1,6,2,1,,,,127,
324,Marquez Callaway,NOR,WR,0,0,0,0,0,0,0,,0,32,16,158,9.88,1,0,0,1,,,,129,
325,River Cracraft,MIA,WR,0,0,0,0,0,0,0,,0,14,9,102,11.33,2,0,0,2,,,,128,
326,Craig Reynolds,DET,RB,0,0,0,0,0,23,102,4.43,0,10,9,116,12.89,0,0,0,0,,,,89,
327,Kyren Williams,LAR,RB,0,0,0,0,0,35,139,3.97,0,12,9,76,8.44,0,0,0,0,,,,90,
328,David Bell,CLE,WR,0,0,0,0,0,0,0,,0,35,24,214,8.92,0,0,0,0,,,,130,
329,Joshua Dobbs,TEN,QB,40,68,411,2,2,8,44,5.5,0,0,0,0,,0,4,2,0,,,,51,
330,Jody Fortson,KAN,TE,0,0,0,0,0,0,0,,0,13,9,108,12,2,1,1,2,,,,57,
331,C.J. Ham,MIN,RB,0,0,0,0,0,4,7,1.75,2,12,10,86,8.6,0,0,0,2,,,,91,
332,Marcedes Lewis,GNB,TE,0,0,0,0,0,0,0,,0,7,6,66,11,2,0,0,2,1,,,59,
333,Skyy Moore,KAN,WR,0,0,0,0,0,3,24,8,0,33,22,250,11.36,0,3,3,0,,,,131,
334,Zach Pascal,PHI,WR,0,0,0,0,0,1,0,0,0,19,15,150,10,1,0,0,1,,,,133,
335,Eric Saubert,DEN,TE,0,0,0,0,0,0,0,,0,24,15,148,9.87,1,0,0,1,,,,58,
336,Sterling Shepard,NYG,WR,0,0,0,0,0,0,0,,0,24,13,154,11.85,1,0,0,1,,,,132,
337,Davis Webb,NYG,QB,23,40,168,1,0,6,41,6.83,1,0,0,0,,0,0,0,1,,,,52,
338,Avery Williams,ATL,RB,0,0,0,0,0,22,109,4.95,1,14,13,61,4.69,0,1,1,1,,,,92,
339,Mike Boone,DEN,RB,0,0,0,0,0,24,102,4.25,0,15,9,96,10.67,0,0,0,0,,,,94,
340,Keelan Cole,LVR,WR,0,0,0,0,0,0,0,,0,21,10,141,14.1,1,1,0,1,,,,134,
341,Johnny Mundt,MIN,TE,0,0,0,0,0,0,0,,0,21,19,140,7.37,1,0,0,1,,,,60,
342,Pierre Strong,NWE,RB,0,0,0,0,0,10,100,10,1,7,7,42,6,0,0,0,1,,,,93,
343,Ian Thomas,CAR,TE,0,0,0,0,0,0,0,,0,30,21,197,9.38,0,0,0,0,,,,63,
344,Eric Tomlinson,DEN,TE,0,0,0,0,0,0,0,,0,13,9,79,8.78,2,0,0,2,,,,61,
345,Mitchell Wilcox,CIN,TE,0,0,0,0,0,0,0,,0,18,17,139,8.18,1,0,0,1,,,,62,
346,David Blough,ARI,QB,38,58,402,2,2,4,5,1.25,0,0,0,0,,0,1,1,0,,,,54,
347,Tevin Coleman,SFO,RB,0,0,0,0,0,12,26,2.17,1,3,3,44,14.67,1,0,0,2,,,,96,
348,KJ Hamler,DEN,WR,0,0,0,0,0,2,23,11.5,0,14,7,165,23.57,0,0,0,0,,,,137,
349,Scott Miller,TAM,WR,0,0,0,0,0,1,8,8,0,40,23,185,8.04,0,0,0,0,,,,135,
350,Denzel Mims,NYJ,WR,0,0,0,0,0,0,0,,0,25,11,186,16.91,0,0,0,0,,,,138,
351,Donald Parham,LAC,TE,0,0,0,0,0,0,0,,0,12,10,130,13,1,0,0,1,,,,64,
352,Jalen Reagor,MIN,WR,0,0,0,0,0,4,25,6.25,0,13,8,104,13,1,4,0,1,,,,136,
353,Jonathan Williams,WAS,RB,0,0,0,0,0,37,152,4.11,0,10,7,40,5.71,0,0,0,0,,,,95,
354,Malik Willis,TEN,QB,31,61,276,0,3,27,123,4.56,1,0,0,0,,0,3,2,1,,,,53,
355,Brandon Bolden,LVR,RB,0,0,0,0,0,17,66,3.88,0,9,9,57,6.33,1,0,0,1,,,,97,
356,Malcolm Brown,LAR,RB,0,0,0,0,0,18,81,4.5,1,6,5,37,7.4,0,0,0,1,,,,98,
357,Lawrence Cager,2TM,TE,0,0,0,0,0,0,0,,0,19,13,118,9.08,1,0,0,1,,,,65,
358,N'Keal Harry,CHI,WR,0,0,0,0,0,0,0,,0,9,7,116,16.57,1,0,0,1,,,,139,
359,Sam Howell,WAS,QB,11,19,169,1,1,5,35,7,1,0,0,0,,0,0,0,1,,,,55,
360,Brett Rypien,DEN,QB,53,88,483,2,4,6,7,1.17,0,0,0,0,,0,4,1,0,,,,56,
361,John Bates,WAS,TE,0,0,0,0,0,0,0,,0,22,14,108,7.71,1,1,0,1,,,,68,
362,Cameron Brate,TAM,TE,0,0,0,0,0,0,0,,0,38,20,174,8.7,0,0,0,0,,,,66,
363,Corey Clement,ARI,RB,0,0,0,0,0,15,55,3.67,1,7,5,54,10.8,0,0,0,1,,,,100,
364,Ross Dwelley,SFO,TE,0,0,0,0,0,0,0,,0,5,3,105,35,1,0,0,1,,,,69,
365,James Mitchell,DET,TE,0,0,0,0,0,0,0,,0,11,11,113,10.27,1,0,0,1,,,,67,
366,Steven Sims,PIT,WR,0,0,0,0,0,13,70,5.38,0,23,14,104,7.43,0,3,0,0,,,,140,
367,Benny Snell Jr.,PIT,RB,0,0,0,0,0,20,90,4.5,1,2,2,17,8.5,0,0,0,1,,,,101,
368,Skylar Thompson,MIA,QB,60,105,534,1,3,14,21,1.5,0,0,0,0,,0,2,2,0,,,,57,
369,Darrel Williams,ARI,RB,0,0,0,0,0,21,102,4.86,1,8,4,9,2.25,0,0,0,1,,,,99,
370,Kyle Allen,HOU,QB,46,78,416,2,4,6,13,2.17,0,0,0,0,,0,4,1,0,,,,59,
371,Jeff Driskel,HOU,QB,14,20,108,1,0,20,75,3.75,0,1,1,4,4,0,0,0,0,,,,58,
372,Sony Michel,LAC,RB,0,0,0,0,0,36,106,2.94,0,13,9,53,5.89,0,0,0,0,,,,102,
373,Albert Okwuegbunam,DEN,TE,0,0,0,0,0,0,0,,0,18,10,95,9.5,1,0,0,1,,,,70,
374,Hassan Haskins,TEN,RB,0,0,0,0,0,25,93,3.72,0,12,11,57,5.18,0,0,0,0,,,,105,
375,DeSean Jackson,BAL,WR,0,0,0,0,0,0,0,,0,17,9,153,17,0,0,0,0,,,,141,
376,Ronald Jones II,KAN,RB,0,0,0,0,0,17,70,4.12,1,1,1,22,22,0,0,0,1,,,,103,
377,Bryce Perkins,LAR,QB,19,34,161,1,2,19,90,4.74,0,0,0,0,,0,0,0,0,,,,60,
378,Anthony Schwartz,CLE,WR,0,0,0,0,0,4,57,14.25,1,10,4,51,12.75,0,1,1,1,,,,142,
379,Derek Watt,PIT,RB,0,0,0,0,0,9,21,2.33,1,5,5,11,2.2,1,0,0,2,,,,104,
380,John Wolford,LAR,QB,38,62,390,1,3,8,32,4,0,0,0,0,,0,3,1,0,,,,61,
381,Dan Arnold,JAX,TE,0,0,0,0,0,0,0,,0,13,9,135,15,0,0,0,0,,,,72,
382,Kenny Golladay,NYG,WR,0,0,0,0,0,0,0,,0,17,6,81,13.5,1,0,0,1,,,,146,
383,Zander Horvath,LAC,RB,0,0,0,0,0,4,8,2,0,8,5,8,1.6,2,0,0,2,,,,107,
384,Keaontay Ingram,ARI,RB,0,0,0,0,0,27,60,2.22,1,5,4,21,5.25,0,0,0,1,,,,106,
385,Tom Kennedy,DET,WR,0,0,0,0,0,0,0,,0,15,8,141,17.63,0,0,0,0,,,,147,
386,Ko Kieft,TAM,TE,0,0,0,0,0,0,0,,0,10,7,80,11.43,1,0,0,1,,,,71,
387,Breshad Perriman,TAM,WR,0,0,0,0,0,2,-7,-3.5,0,19,9,110,12.22,1,2,1,1,,,,144,
388,Samori Toure,GNB,WR,0,0,0,0,0,0,0,,0,10,5,82,16.4,1,1,0,1,,,,145,
389,Jameson Williams,DET,WR,0,0,0,0,0,1,40,40,0,9,1,41,41,1,0,0,1,,,,148,
390,Cedrick Wilson Jr.,MIA,WR,0,0,0,0,0,1,8,8,0,18,12,136,11.33,0,0,0,0,,,,143,
391,Salvon Ahmed,MIA,RB,0,0,0,0,0,12,64,5.33,1,1,1,8,8,0,0,0,1,,,,108,
392,Royce Freeman,HOU,RB,0,0,0,0,0,41,117,2.85,0,8,6,33,5.5,0,1,1,0,,,,109,
393,Zach Gentry,PIT,TE,0,0,0,0,0,0,0,,0,23,19,132,6.95,0,0,0,0,,,,73,
394,Reggie Gilliam,BUF,RB,0,0,0,0,0,0,0,,0,10,8,69,8.63,1,0,0,1,,,,110,
395,Tanner Hudson,NYG,TE,0,0,0,0,0,0,0,,0,15,10,132,13.2,0,0,0,0,,,,74,
396,Brevin Jordan,HOU,TE,0,0,0,0,0,0,0,,0,28,14,128,9.14,0,0,0,0,,,,75,
397,Chris Myarick,NYG,RB,0,0,0,0,0,0,0,,0,8,7,65,9.29,1,0,0,1,,,,111,
398,Jeff Smith,NYJ,WR,0,0,0,0,0,0,0,,0,11,8,134,16.75,0,0,0,0,,,,149,
399,Pharaoh Brown,2TM,TE,0,0,0,0,0,0,0,,0,20,12,117,9.75,0,0,0,0,,,,79,
400,T.Y. Hilton,DAL,WR,0,0,0,0,0,0,0,,0,10,7,121,17.29,0,0,0,0,,,,150,
401,Trey Lance,SFO,QB,15,31,194,0,1,16,67,4.19,0,0,0,0,,0,1,0,0,,,,62,
402,Jordan Love,GNB,QB,14,21,195,1,0,1,-1,-1,0,0,0,0,,0,0,0,0,,,,64,
403,Quintin Morris,BUF,TE,0,0,0,0,0,0,0,,0,11,8,84,10.5,1,1,1,1,,,,76,
404,Nick Mullens,MIN,QB,21,25,224,1,1,4,8,2,0,0,0,0,,0,0,0,0,,,,63,
405,Jack Stoll,PHI,TE,0,0,0,0,0,0,0,,0,14,11,123,11.18,0,0,0,0,,,,77,
406,Geoff Swaim,TEN,TE,0,0,0,0,0,0,0,,0,16,12,58,4.83,1,0,0,1,,,,78,
407,Jalen Virgil,DEN,WR,0,0,0,0,0,0,0,,0,5,2,75,37.5,1,1,1,1,,,,151,
408,Josiah Deguara,GNB,TE,0,0,0,0,0,0,0,,0,15,13,114,8.77,0,0,0,0,,,,80,
409,Kevin Harris,NWE,RB,0,0,0,0,0,18,52,2.89,1,0,0,0,,0,0,0,1,,,,112,
410,Brycen Hopkins,LAR,TE,0,0,0,0,0,0,0,,0,11,7,109,15.57,0,0,0,0,,,,81,
411,David Sills,NYG,WR,0,0,0,0,0,0,0,,0,17,11,106,9.64,0,0,0,0,,,,152,
412,Tyrod Taylor,NYG,QB,6,8,58,1,1,5,70,14,0,0,0,0,,0,2,1,0,,1,,65,
413,John Brown,BUF,WR,0,0,0,0,0,0,0,,0,2,1,42,42,1,0,0,1,,,,153,
414,Snoop Conner,JAX,RB,0,0,0,0,0,12,42,3.5,1,0,0,0,,0,0,0,1,,,,113,
415,Tyrion Davis-Price,SFO,RB,0,0,0,0,0,34,99,2.91,0,2,0,0,,0,0,0,0,,,,115,
416,Chris Evans,CIN,RB,0,0,0,0,0,0,0,,0,4,3,38,12.67,1,0,0,1,,,,116,
417,Darrynton Evans,CHI,RB,0,0,0,0,0,14,64,4.57,0,1,1,33,33,0,0,0,0,,,,117,
418,Anthony Firkser,ATL,TE,0,0,0,0,0,0,0,,0,13,9,100,11.11,0,0,0,0,,,,82,
419,Marcus Johnson,NYG,WR,0,0,0,0,0,0,0,,0,22,9,99,11,0,0,0,0,,,,154,
420,Dax Milne,WAS,WR,0,0,0,0,0,0,0,,0,7,6,37,6.17,1,1,0,1,,,,155,
421,Kene Nwangwu,MIN,RB,0,0,0,0,0,9,14,1.56,0,2,2,21,10.5,0,0,0,1,,,,118,
422,Giovanni Ricci,CAR,RB,0,0,0,0,0,0,0,,0,9,8,100,12.5,0,0,0,0,,,,114,
423,Trevor Siemian,CHI,QB,15,26,184,1,1,4,8,2,0,0,0,0,,0,0,0,0,,,,66,
424,Michael Bandy,LAC,WR,0,0,0,0,0,0,0,,0,21,10,89,8.9,0,0,0,0,,,,156,
425,Parker Hesse,ATL,TE,0,0,0,0,0,0,0,,0,11,9,89,9.89,0,0,0,0,,,,84,
426,Phillip Lindsay,IND,RB,0,0,0,0,0,15,49,3.27,0,8,6,19,3.17,0,0,0,0,1,,,120,
427,Trace McSorley,ARI,QB,45,83,412,0,5,15,61,4.07,0,0,0,0,,0,2,2,0,,,,68,
428,Patrick Ricard,BAL,RB,0,0,0,0,0,7,16,2.29,0,13,11,74,6.73,0,0,0,0,,,,119,
429,Armani Rogers,WAS,TE,0,0,0,0,0,2,26,13,0,6,5,64,12.8,0,0,0,0,,,,83,
430,Kyle Rudolph,TAM,TE,0,0,0,0,0,0,0,,0,5,3,28,9.33,1,0,0,1,,,,85,
431,Cam Sims,WAS,WR,0,0,0,0,0,0,0,,0,18,8,89,11.13,0,0,0,0,,,,157,
432,Chris Streveler,NYJ,QB,10,15,90,0,0,9,54,6,0,0,0,0,,0,1,0,0,,,,67,
433,Jordan Wilkins,IND,RB,0,0,0,0,0,13,58,4.46,0,8,6,29,4.83,0,0,0,0,,,,121,
434,Tyler Badie,DEN,RB,0,0,0,0,0,1,0,0,0,1,1,24,24,1,0,0,1,,,,122,
435,Blake Bell,KAN,TE,0,0,0,0,0,0,0,,0,2,2,20,10,1,0,0,1,,,,87,
436,Grant Calcaterra,PHI,TE,0,0,0,0,0,0,0,,0,9,5,81,16.2,0,0,0,0,,,,86,
437,Chase Daniel,LAC,QB,8,12,52,1,0,1,4,4,0,0,0,0,,0,0,0,0,,1,,69,
438,Brandon Johnson,DEN,WR,0,0,0,0,0,0,0,,0,14,6,42,7,1,1,1,1,,,,158,
439,Jaret Patterson,WAS,RB,0,0,0,0,0,17,78,4.59,0,1,0,0,,0,0,0,0,,,,123,
440,Nathan Peterman,CHI,QB,14,25,139,1,1,2,7,3.5,0,0,0,0,,0,0,0,0,,,,70,
441,Andrew Beck,DEN,TE,0,0,0,0,0,2,0,0,0,11,5,69,13.8,0,0,0,0,,,,89,
442,D'Wayne Eskridge,SEA,WR,0,0,0,0,0,2,10,5,0,13,7,58,8.29,0,0,0,0,,,,163,
443,Tyler Mabry,SEA,TE,0,0,0,0,0,0,0,,0,1,1,7,7,1,0,0,1,,,,90,
444,Tre' McKitty,LAC,TE,0,0,0,0,0,0,0,,0,18,10,72,7.2,0,1,0,0,,,,88,
445,Ty Montgomery,NWE,WR,0,0,0,0,0,2,-2,-1,0,4,3,15,5,1,0,0,1,,,,161,
446,Gunner Olszewski,PIT,WR,0,0,0,0,0,8,39,4.88,0,7,5,53,10.6,0,2,1,0,,,,162,
447,Freddie Swain,2TM,WR,0,0,0,0,0,0,0,,0,6,4,74,18.5,0,1,0,0,,,,159,
448,Ke'Shawn Vaughn,TAM,RB,0,0,0,0,0,17,53,3.12,0,4,3,19,6.33,0,0,0,0,,,,124,
449,Kevin White,NOR,WR,0,0,0,0,0,0,0,,0,5,2,74,37,0,0,0,0,,,,160,
450,Zamir White,LVR,RB,0,0,0,0,0,17,70,4.12,0,0,0,0,,0,0,0,0,,,,125,
451,Anthony Brown,BAL,QB,22,49,302,0,2,3,-5,-1.67,0,0,0,0,,0,1,1,0,,,,71,
452,Jamison Crowder,BUF,WR,0,0,0,0,0,0,0,,0,13,6,60,10,0,1,0,0,,,,166,
453,Jalen Guyton,LAC,WR,0,0,0,0,0,0,0,,0,4,2,64,32,0,0,0,0,,,,164,
454,Tyler Kroft,SFO,TE,0,0,0,0,0,0,0,,0,5,4,57,14.25,0,0,0,0,,,,91,
455,Jake Kumerow,BUF,WR,0,0,0,0,0,0,0,,0,7,4,64,16,0,0,0,0,,,,165,
456,Mike Strachan,IND,WR,0,0,0,0,0,0,0,,0,9,3,59,19.67,0,0,0,0,,,,167,
457,Trent Taylor,CIN,WR,0,0,0,0,0,4,15,3.75,0,10,6,62,10.33,0,2,1,0,,,,170,
458,Deven Thompkins,TAM,WR,0,0,0,0,0,2,26,13,0,10,5,32,6.4,0,1,0,0,,,,168,
459,Mike Thomas,CIN,WR,0,0,0,0,0,0,0,,0,10,2,38,19,0,0,0,0,1,,,169,
460,Nick Vannett,2TM,TE,0,0,0,0,0,0,0,,0,9,6,55,9.17,0,0,0,0,,,,92,
461,Trayveon Williams,CIN,RB,0,0,0,0,0,6,30,5,0,3,2,30,15,0,0,0,0,,,,126,
462,Andre Baccellia,ARI,WR,0,0,0,0,0,0,0,,0,10,7,45,6.43,0,0,0,0,,,,173,
463,Spencer Brown,CAR,RB,0,0,0,0,0,9,43,4.78,0,4,2,10,5,0,0,0,0,,,,130,
464,Julius Chestnut,TEN,RB,0,0,0,0,0,9,12,1.33,0,3,3,41,13.67,0,0,0,0,,,,131,
465,Chris Conley,2TM,WR,0,0,0,0,0,0,0,,0,7,4,46,11.5,0,0,0,0,,,,172,
466,Blaine Gabbert,TAM,QB,6,8,29,1,0,0,0,,0,0,0,0,,0,0,0,0,,,,72,
467,Myles Gaskin,MIA,RB,0,0,0,0,0,10,26,2.6,0,6,4,28,7,0,0,0,0,,,,127,
468,Cody Hollister,TEN,WR,0,0,0,0,0,0,0,,0,5,3,54,18,0,0,0,0,,,,171,
469,David Johnson,NOR,RB,0,0,0,0,0,12,24,2,0,4,4,47,11.75,0,1,1,0,,,,132,
470,Tony Jones,2TM,RB,0,0,0,0,0,10,24,2.4,0,8,5,30,6,0,0,0,0,,,,128,
471,Charlie Kolar,BAL,TE,0,0,0,0,0,0,0,,0,6,4,49,12.25,0,0,0,0,,,,93,
472,Ronnie Rivers,LAR,RB,0,0,0,0,0,9,21,2.33,0,5,5,29,5.8,0,0,0,0,,,,133,
473,Isaiah Spiller,LAC,RB,0,0,0,0,0,18,41,2.28,0,3,3,13,4.33,0,0,0,0,,,,129,
474,Stephen Sullivan,CAR,TE,0,0,0,0,0,0,0,,0,6,2,46,23,0,0,0,0,,,,94,
475,Patrick Taylor,GNB,RB,0,0,0,0,0,10,31,3.1,0,1,1,17,17,0,0,0,0,,,,134,
476,Dwayne Washington,NOR,RB,0,0,0,0,0,11,38,3.45,0,1,1,7,7,0,0,0,0,,,,135,
477,Trevon Wesco,CHI,TE,0,0,0,0,0,0,0,,0,4,2,26,13,0,0,0,0,1,,,95,
478,Cole Beasley,2TM,WR,0,0,0,0,0,0,0,,0,7,6,35,5.83,0,0,0,0,,,,179,
479,Kendall Blanton,LAR,TE,0,0,0,0,0,0,0,,0,2,2,35,17.5,0,0,0,0,,,,98,
480,Trestan Ebner,CHI,RB,0,0,0,0,0,24,54,2.25,0,8,2,8,4,0,2,1,0,,,,136,
481,Luke Farrell,JAX,TE,0,0,0,0,0,0,0,,0,4,4,40,10,0,0,0,0,,,,97,
482,Chris Manhertz,JAX,TE,0,0,0,0,0,0,0,,0,8,6,42,7,0,0,0,0,,,,96,
483,Anthony McFarland Jr.,PIT,RB,0,0,0,0,0,6,30,5,0,2,2,11,5.5,0,0,0,0,,,,137,
484,Racey McMath,TEN,WR,0,0,0,0,0,1,4,4,0,8,2,40,20,0,0,0,0,,,,174,
485,Kyle Philips,TEN,WR,0,0,0,0,0,0,0,,0,13,8,78,9.75,0,2,2,0,,,,178,
486,James Proche,BAL,WR,0,1,0,0,1,0,0,,0,17,8,62,7.75,0,0,0,0,,,,175,
487,Laquon Treadwell,SEA,WR,0,0,0,0,0,0,0,,0,10,6,42,7,0,0,0,0,,,,176,
488,Michael Woods II,CLE,WR,0,0,0,0,0,1,-5,-5,0,10,5,45,9,0,0,0,0,,,,177,
489,Daylen Baldwin,CLE,WR,0,0,0,0,0,0,0,,0,2,2,25,12.5,0,0,0,0,,,,185,
490,Giovani Bernard,TAM,RB,0,0,0,0,0,8,28,3.5,0,2,2,-1,-0.5,0,1,0,0,,,,140,
491,Tyrie Cleveland,DEN,WR,0,0,0,0,0,0,0,,0,7,2,28,14,0,0,0,0,,,,182,
492,Jaelon Darden,2TM,WR,0,0,0,0,0,1,2,2,0,2,2,26,13,0,0,0,0,,,,183,
493,Tyler Davis,GNB,TE,0,0,0,0,0,0,0,,0,7,4,26,6.5,0,0,0,0,,,,99,
494,Ben Ellefson,MIN,TE,0,0,0,0,0,0,0,,0,3,3,26,8.67,0,0,0,0,,,,100,
495,Ryan Griffin,CHI,TE,0,0,0,0,0,0,0,,0,8,4,26,6.5,0,0,0,0,,,,101,
496,Tim Jones,JAX,WR,0,0,0,0,0,0,0,,0,4,3,30,10,0,0,0,0,,,,181,
497,Larry Rountree,LAC,RB,0,0,0,0,0,13,19,1.46,0,2,2,14,7,0,0,0,0,,,,138,
498,DJ Turner,LVR,WR,0,0,0,0,0,4,26,6.5,0,1,0,0,,0,1,0,0,,,,184,
499,Tylan Wallace,BAL,WR,0,0,0,0,0,0,0,,0,7,4,33,8.25,0,0,0,0,,,,180,
500,Jonathan Ward,2TM,RB,0,0,0,0,0,5,25,5,0,3,2,7,3.5,0,0,0,0,,,,139,
501,Michael Burton,KAN,RB,0,0,0,0,0,5,7,1.4,0,3,2,11,5.5,0,0,0,0,,,,146,
502,Quintez Cephus,DET,WR,0,0,0,0,0,0,0,,0,3,2,15,7.5,0,0,0,0,,,,198,
503,Ty Chandler,MIN,RB,0,0,0,0,0,6,20,3.33,0,0,0,0,,0,0,0,0,,,,143,
504,Pharoh Cooper,ARI,WR,0,0,0,0,0,4,15,3.75,0,2,2,6,3,0,0,0,0,,,,190,
505,Frank Darby,ATL,WR,0,0,0,0,0,0,0,,0,1,1,15,15,0,0,0,0,,,,199,
506,Mike Davis,BAL,RB,0,0,0,0,0,8,18,2.25,0,2,2,4,2,0,1,0,0,,,,142,
507,Bryan Edwards,ATL,WR,0,0,0,0,0,0,0,,0,5,3,15,5,0,0,0,0,,,,200,
508,Simi Fehoko,DAL,WR,0,0,0,0,0,0,0,,0,4,3,24,8,0,0,0,0,,,,186,
509,Nick Foles,IND,QB,25,42,224,0,4,2,8,4,0,0,0,0,,0,0,0,0,,,,73,
510,Danny Gray,SFO,WR,0,0,0,0,0,1,9,9,0,7,1,10,10,0,0,0,0,,,,194,
511,Troy Hairston,HOU,RB,0,0,0,0,0,0,0,,0,8,5,19,3.8,0,0,0,0,,,,144,
512,Penny Hart,SEA,WR,0,0,0,0,0,0,0,,0,4,3,20,6.67,0,0,0,0,,,,192,
513,Jesper Horsted,LVR,TE,0,0,0,0,0,0,0,,0,4,3,19,6.33,0,0,0,0,,,,103,
514,Dennis Houston,DAL,WR,0,0,0,0,0,0,0,,0,6,2,16,8,0,0,0,0,,,,197,
515,Lil'Jordan Humphrey,NWE,WR,0,0,0,0,0,0,0,,0,4,2,20,10,0,0,0,0,,,,193,
516,Andy Isabella,2TM,WR,0,0,0,0,0,1,1,1,0,5,2,21,10.5,0,0,0,0,,,,189,
517,Cade Johnson,SEA,WR,0,0,0,0,0,0,0,,0,4,2,21,10.5,0,0,0,0,,,,191,
518,D'Ernest Johnson,CLE,RB,0,0,0,0,0,4,17,4.25,0,3,3,7,2.33,0,0,0,0,,,,141,
519,Keith Kirkwood,NOR,WR,0,0,0,0,0,0,0,,0,4,2,18,9,0,0,0,0,,,,195,
520,Dezmon Patmon,IND,WR,0,0,0,0,0,0,0,,0,6,2,24,12,0,0,0,0,,,,187,
521,Adam Prentice,NOR,RB,0,0,0,0,0,4,9,2.25,0,3,3,9,3,0,1,0,0,,,,147,
522,Trey Sermon,PHI,RB,0,0,0,0,0,2,19,9.5,0,0,0,0,,0,0,0,0,,,,145,
523,Stone Smartt,LAC,TE,0,0,0,0,0,0,0,,0,5,4,17,4.25,0,0,0,0,,,,105,
524,J.J. Taylor,NWE,RB,0,0,0,0,0,10,9,0.9,0,1,1,8,8,0,0,0,0,,,,148,
525,Cole Turner,WAS,TE,0,0,0,0,0,0,0,,0,9,2,23,11.5,0,0,0,0,,,,102,
526,Maxx Williams,ARI,TE,0,0,0,0,0,0,0,,0,3,3,18,6,0,0,0,0,,,,104,
527,Juwann Winfree,GNB,WR,0,0,0,0,0,0,0,,0,4,1,17,17,0,0,0,0,,,,196,
528,Dareke Young,SEA,WR,0,0,0,0,0,0,0,,0,2,2,24,12,0,0,0,0,,,,188,
529,Maurice Alexander,DET,WR,0,0,0,0,0,0,0,,0,1,1,7,7,0,0,0,0,,,,207,
530,Brandon Allen,CIN,QB,3,3,22,0,0,3,-1,-0.33,0,0,0,0,,0,0,0,0,,,,76,
531,Stephen Anderson,ARI,TE,0,0,0,0,0,0,0,,0,7,3,9,3,0,0,0,0,,,,107,
532,Devin Asiasi,CIN,TE,0,0,0,0,0,0,0,,0,4,2,5,2.5,0,0,0,0,,,,112,
533,C.J. Board,TEN,WR,0,0,0,0,0,0,0,,0,1,1,6,6,0,1,0,0,,,,209,
534,Reggie Bonnafon,WAS,RB,0,0,0,0,0,3,8,2.67,0,0,0,0,,0,0,0,0,,,,153,
535,Miles Boykin,PIT,WR,0,0,0,0,0,0,0,,0,3,2,11,5.5,0,0,0,0,,,,205,
536,Jason Cabinda,DET,RB,0,0,0,0,0,1,4,4,0,4,1,5,5,0,0,0,0,,,,152,
537,Jalen Camp,HOU,WR,0,0,0,0,0,0,0,,0,1,1,7,7,0,0,0,0,,,,208,
538,Jerome Ford,CLE,RB,0,0,0,0,0,8,12,1.5,0,0,0,0,,0,0,0,0,,,,149,
539,Jacob Harris,LAR,TE,0,0,0,0,0,0,0,,0,1,1,6,6,0,0,0,0,,,,110,
540,Kylin Hill,GNB,RB,0,0,0,0,0,1,7,7,0,0,0,0,,0,0,0,0,,,,154,
541,Brian Hoyer,NWE,QB,5,6,37,0,0,0,0,,0,0,0,0,,0,0,0,0,,,,74,
542,Godwin Igwebuike,SEA,RB,0,0,0,0,0,3,4,1.33,0,1,1,3,3,0,0,0,0,,,,155,
543,Jakob Johnson,LVR,RB,0,0,0,0,0,0,0,,0,6,5,10,2,0,0,0,0,,,,150,
544,Josh Johnson,SFO,QB,1,2,10,0,0,2,3,1.5,0,0,0,0,,0,0,0,0,,,,77,
545,Tyron Johnson,2TM,WR,0,0,0,0,0,0,0,,0,1,1,8,8,0,0,0,0,,,,206,
546,Sean McKeon,DAL,TE,0,0,0,0,0,0,0,,0,3,2,11,5.5,0,0,0,0,,,,106,
547,Jason Moore,LAC,WR,0,0,0,0,0,0,0,,0,2,1,5,5,0,0,0,0,,,,210,
548,Devine Ozigbo,DEN,RB,0,0,0,0,0,3,4,1.33,0,1,1,3,3,0,0,0,0,,,,156,
549,Jeremy Ruckert,NYJ,TE,0,0,0,0,0,0,0,,0,2,1,8,8,0,0,0,0,,,,108,
550,Mason Schreck,HOU,TE,0,0,0,0,0,0,0,,0,2,2,6,3,0,0,0,0,,,,111,
551,Keith Smith,ATL,RB,0,0,0,0,0,1,2,2,0,2,1,8,8,0,0,0,0,,,,151,
552,Tommy Sweeney,BUF,TE,0,0,0,0,0,0,0,,0,1,1,7,7,0,0,0,0,,,,109,
553,Jalen Tolbert,DAL,WR,0,0,0,0,0,0,0,,0,3,2,12,6,0,0,0,0,,,,203,
554,Austin Trammell,LAR,WR,0,0,0,0,0,0,0,,0,4,2,13,6.5,0,0,0,0,,,,202,
555,Kyle Trask,TAM,QB,3,9,23,0,0,0,0,,0,0,0,0,,0,0,0,0,,,,75,
556,Montrell Washington,DEN,WR,0,0,0,0,0,5,30,6,0,9,4,2,0.5,0,5,1,0,,,,204,
557,Nsimba Webster,CHI,WR,0,0,0,0,0,0,0,,0,3,2,14,7,0,1,0,0,,,,201,
558,Ty'Son Williams,ARI,RB,0,0,0,0,0,0,0,,0,1,1,5,5,0,0,0,0,,,,157,
559,Josh Ali,ATL,,0,0,0,0,0,0,0,,0,1,0,0,,0,0,0,0,,,,214,
560,Chase Allen,CHI,,0,0,0,0,0,0,0,,0,0,0,0,,0,0,0,0,,,,114,
561,Nick Bellore,SEA,RB,0,0,0,0,0,1,3,3,0,0,0,0,,0,0,0,0,,,,160,
562,Trinity Benson,DET,,0,0,0,0,0,0,0,,0,0,0,0,,0,0,0,0,,,,215,
563,Jared Bernhardt,ATL,,0,0,0,0,0,0,0,,0,0,0,0,,0,0,0,0,,,,216,
564,Stanley Berryhill,DET,,0,0,0,0,0,0,0,,0,0,0,0,,0,0,0,0,,,,217,
565,Khari Blasingame,CHI,,0,0,0,0,0,0,0,,0,1,0,0,,0,0,0,0,,,,163,
566,Lynn Bowden Jr.,NWE,,0,0,0,0,0,0,0,,0,0,0,0,,0,0,0,0,,,,218,
567,Nick Boyle,BAL,,0,0,0,0,0,0,0,,0,0,0,0,,0,0,0,0,,,,115,
568,Brittain Brown,LVR,,0,0,0,0,0,0,0,,0,0,0,0,,0,0,0,0,,,,164,
569,Trenton Cannon,TEN,,0,0,0,0,0,0,0,,0,0,0,0,,0,0,0,0,,,,165,
570,Cethan Carter,MIA,,0,0,0,0,0,0,0,,0,0,0,0,,0,0,0,0,,,,116,
571,Roger Carter,LAR,,0,0,0,0,0,0,0,,0,0,0,0,,0,0,0,0,,,,117,
572,Dan Chisena,MIN,,0,0,0,0,0,0,0,,0,0,0,0,,0,0,0,0,,,,219,
573,Tanner Conner,MIA,,0,0,0,0,0,0,0,,0,3,0,0,,0,0,0,0,,,,118,
574,Keke Coutee,IND,WR,0,0,0,0,0,0,0,,0,1,1,20,20,0,4,1,0,,,,220,
575,Britain Covey,PHI,,0,0,0,0,0,0,0,,0,0,0,0,,0,2,0,0,,,,221,
576,Rico Dowdle,DAL,,0,0,0,0,0,0,0,,0,0,0,0,,0,0,0,0,,,,166,
577,Jacob Eason,CAR,QB,3,5,59,0,1,0,0,,0,0,0,0,,0,0,0,0,,,,78,
578,Alex Erickson,WAS,,0,0,0,0,0,0,0,,0,0,0,0,,0,0,0,0,,,,222,
579,Erik Ezukanma,MIA,WR,0,0,0,0,0,0,0,,0,1,1,3,3,0,0,0,0,,,,211,
580,Demetric Felton,CLE,RB,0,0,0,0,0,1,-4,-4,0,4,2,8,4,0,1,0,0,,,,158,
581,Ethan Fernea,IND,,0,0,0,0,0,0,0,,0,0,0,0,,0,0,0,0,,,,223,
582,Feleipe Franks,ATL,TE,0,0,0,0,0,1,0,0,0,2,0,0,,0,0,0,0,,,,119,
583,Jake Funk,2TM,,0,0,0,0,0,0,0,,0,0,0,0,,0,0,0,0,,,,167,
584,Kaylon Geiger,TAM,,0,0,0,0,0,0,0,,0,0,0,0,,0,0,0,0,,,,224,
585,Tanner Gentry,BUF,,0,0,0,0,0,0,0,,0,1,0,0,,0,0,0,0,,,,225,
586,Cullen Gillaspia,SEA,,0,0,0,0,0,0,0,,0,0,0,0,,0,0,0,0,,,,168,
587,Josh Gordon,TEN,,0,0,0,0,0,0,0,,0,1,0,0,,0,0,0,0,,,,226,
588,Garrett Griffin,DET,,0,0,0,0,0,0,0,,0,0,0,0,,0,0,0,0,,,,120,
589,Justin Hardee,NYJ,,0,0,0,0,0,0,0,,0,0,0,0,,0,0,0,0,,,,227,
590,Clark Harris,CIN,,0,0,0,0,0,0,0,,0,0,0,0,,0,0,0,0,,,,121,
591,Rashard Higgins,CAR,,0,0,0,0,0,0,0,,0,0,0,0,,0,0,0,0,,,,228,
592,Jacob Hollister,2TM,,0,0,0,0,0,0,0,,0,0,0,0,,0,0,0,0,,,,122,
593,J.P. Holtz,NOR,,0,0,0,0,0,0,0,,0,0,0,0,,0,0,0,0,,,,123,
594,Jordan Howard,NOR,RB,0,0,0,0,0,1,1,1,0,0,0,0,,0,0,0,0,,,,162,
595,Tyree Jackson,PHI,,0,0,0,0,0,0,0,,0,0,0,0,,0,0,0,0,,,,124,
596,Jesse James,CLE,,0,0,0,0,0,0,0,,0,0,0,0,,0,0,0,0,,,,125,
597,Duke Johnson,BUF,RB,0,0,0,0,0,2,4,2,0,0,0,0,,0,0,0,0,,,,159,
598,Johnny Johnson,HOU,,0,0,0,0,0,0,0,,0,0,0,0,,0,0,0,0,,,,229,
599,Tyler Johnson,HOU,,0,0,0,0,0,0,0,,0,0,0,0,,0,0,0,0,,,,230,
600,Nikola Kalinic,IND,,0,0,0,0,0,0,0,,0,0,0,0,,0,0,0,0,,,,126,
601,Case Keenum,BUF,QB,2,7,8,0,0,5,0,0,0,0,0,0,,0,0,0,0,,,,79,
602,John Kelly,CLE,,0,0,0,0,0,0,0,,0,0,0,0,,0,0,0,0,,,,169,
603,Marcus Kemp,KAN,,0,0,0,0,0,0,0,,0,0,0,0,,0,0,0,0,,,,231,
604,Mason Kinsey,TEN,WR,0,0,0,0,0,0,0,,0,1,1,3,3,0,1,0,0,,,,212,
605,Lucas Krull,NOR,,0,0,0,0,0,0,0,,0,0,0,0,,0,0,0,0,,,,127,
606,Kwamie Lassiter II,CIN,,0,0,0,0,0,0,0,,0,0,0,0,,0,0,0,0,,,,232,
607,Hunter Long,MIA,,0,0,0,0,0,0,0,,0,0,0,0,,0,0,0,0,,,,128,
608,Tay Martin,SFO,,0,0,0,0,0,0,0,,0,0,0,0,,0,0,0,0,,,,233,
609,Lance McCutcheon,LAR,,0,0,0,0,0,0,0,,0,5,0,0,,0,0,0,0,,,,234,
610,Kyric McGowan,WAS,,0,0,0,0,0,0,0,,0,0,0,0,,0,0,0,0,,,,235,
611,Kirk Merritt,NOR,,0,0,0,0,0,0,0,,0,0,0,0,,0,0,0,0,,,,236,
612,Stanley Morgan Jr.,CIN,,0,0,0,0,0,0,0,,0,1,0,0,,0,0,0,0,,,,237,
613,Nick Muse,MIN,,0,0,0,0,0,0,0,,0,0,0,0,,0,0,0,0,,,,129,
614,Qadree Ollison,DAL,,0,0,0,0,0,0,0,,0,0,0,0,,0,0,0,0,,,,170,
615,Matthew Orzech,LAR,,0,0,0,0,0,0,0,,0,0,0,0,,0,0,0,0,,,,130,
616,Cornell Powell,KAN,,0,0,0,0,0,0,0,,0,0,0,0,,0,0,0,0,,,,238,
617,D'Vonte Price,IND,,0,0,0,0,0,0,0,,0,0,0,0,,0,0,0,0,,,,171,
618,Kevin Rader,TEN,,0,0,0,0,0,0,0,,0,0,0,0,,0,0,0,0,,,,131,
619,Andre Roberts,CAR,,0,0,0,0,0,0,0,,0,0,0,0,,0,1,0,0,,,,239,
620,Richard Rodgers,LAC,TE,0,0,0,0,0,0,0,,0,4,1,4,4,0,0,0,0,,,,113,
621,Drew Sample,CIN,TE,0,0,0,0,0,0,0,,0,2,2,-2,-1,0,0,0,0,,,,136,
622,Braylon Sanders,MIA,WR,0,0,0,0,0,0,0,,0,3,2,17,8.5,0,1,1,0,,,,251,
623,Matthew Slater,NWE,,0,0,0,0,0,0,0,,0,0,0,0,,0,0,0,0,,,,240,
624,Willie Snead,SFO,,0,0,0,0,0,0,0,,0,0,0,0,,0,0,0,0,,,,241,
625,Matt Sokol,NWE,,0,0,0,0,0,0,0,,0,0,0,0,,0,0,0,0,,,,132,
626,Nate Sudfeld,DET,QB,0,0,0,0,0,5,-4,-0.8,0,0,0,0,,0,0,0,0,,,,81,
627,Keir Thomas,LAR,,0,0,0,0,0,0,0,,0,0,0,0,,0,0,0,0,,,,242,
628,Noah Togiai,PHI,,0,0,0,0,0,0,0,,0,1,0,0,,0,0,0,0,,,,133,
629,Jake Tonges,CHI,,0,0,0,0,0,0,0,,0,1,0,0,,0,0,0,0,,,,134,
630,Malik Turner,SFO,,0,0,0,0,0,0,0,,0,0,0,0,,0,0,0,0,,,,243,
631,Binjimen Victor,BAL,,0,0,0,0,0,0,0,,0,0,0,0,,0,0,0,0,,,,244,
632,James Washington,DAL,,0,0,0,0,0,0,0,,0,1,0,0,,0,0,0,0,,,,245,
633,Scotty Washington,NWE,,0,0,0,0,0,0,0,,0,0,0,0,,0,0,0,0,,,,246,
634,Raleigh Webb,2TM,,0,0,0,0,0,0,0,,0,0,0,0,,0,0,0,0,,,,247,
635,Cody White,PIT,WR,0,0,0,0,0,0,0,,0,1,1,2,2,0,0,0,0,,,,213,
636,Antonio Williams,NYG,,0,0,0,0,0,0,0,,0,0,0,0,,0,0,0,0,,,,172,
637,Damien Williams,ATL,RB,0,0,0,0,0,2,2,1,0,0,0,0,,0,0,0,0,,,,161,
638,Preston Williams,CAR,,0,0,0,0,0,0,0,,0,0,0,0,,0,0,0,0,,,,248,
639,Javon Wims,ARI,,0,0,0,0,0,0,0,,0,0,0,0,,0,0,0,0,,,,249,
640,Charlie Woerner,SFO,,0,0,0,0,0,0,0,,0,2,0,0,,0,0,0,0,,,,135,
641,Logan Woodside,ATL,,0,0,0,0,0,0,0,,0,0,0,0,,0,0,0,0,,,,80,
642,Brandon Zylstra,DET,,0,0,0,0,0,0,0,,0,0,0,0,,0,0,0,0,,,,250,
643,C.J. Beathard,JAX,QB,7,11,35,0,1,4,-4,-1,0,0,0,0,,0,0,0,0,,,,83,
644,Deonte Harty,NOR,WR,0,0,0,0,0,0,0,,0,2,2,13,6.5,0,1,1,0,,,,253,
645,Chad Henne,KAN,QB,0,2,0,0,0,5,-5,-1,0,0,0,0,,0,1,0,0,,,,82,
646,Ihmir Smith-Marsette,2TM,WR,0,0,0,0,0,1,-1,-1,0,4,1,15,15,0,1,1,0,,,,252,
647,KaVontae Turpin,DAL,WR,0,0,0,0,0,3,17,5.67,0,2,1,9,9,0,3,2,0,,,,254,
648,Taiwan Jones,BUF,,0,0,0,0,0,0,0,,0,0,0,0,,0,1,1,0,,,,173,
649,Chester Rogers,CLE,,0,0,0,0,0,0,0,,0,0,0,0,,0,1,1,0,,,,255,
650,Tim Boyle,CHI,QB,2,8,33,0,2,2,-2,-1,0,0,0,0,,0,0,0,0,,,,84,
